{"cameraMode":{"drawMode":0,"name":"Shaded","section":"Shading Mode"},"sceneLighting":false,"audioPlay":false,"sceneViewState":{"showFog":false,"showMaterialUpdate":false,"showSkybox":false,"showFlares":false,"showImageEffects":false,"showParticleSystems":false},"in2DMode":false,"pivot":{"x":0.6381965279579163,"y":0.4041462242603302,"z":-2.5569794178009035},"rotation":{"x":-0.08216728270053864,"y":0.07646691799163819,"z":-0.006353054195642471,"w":-0.9937233924865723},"size":0.7403087615966797,"orthographic":false}