{"cameraMode":{"drawMode":0,"name":"Shaded","section":"Shading Mode"},"sceneLighting":false,"audioPlay":false,"sceneViewState":{"showFog":false,"showMaterialUpdate":false,"showSkybox":false,"showFlares":false,"showImageEffects":false,"showParticleSystems":false},"in2DMode":false,"pivot":{"x":144.0947723388672,"y":-262.0137023925781,"z":583.065185546875},"rotation":{"x":-0.010501328855752945,"y":-0.010222995653748513,"z":0.000046861841838108376,"w":1.0000805854797364},"size":1280.658203125,"orthographic":false}