{"cameraMode":{"drawMode":0,"name":"Shaded","section":"Shading Mode"},"sceneLighting":false,"audioPlay":false,"sceneViewState":{"showFog":false,"showMaterialUpdate":false,"showSkybox":false,"showFlares":false,"showImageEffects":false,"showParticleSystems":false},"in2DMode":false,"pivot":{"x":-0.12715394794940949,"y":0.06696589291095734,"z":-1.0068752765655518},"rotation":{"x":-0.006000347435474396,"y":-0.019214240834116937,"z":3.371871741819632e-7,"w":0.9999295473098755},"size":0.7054256200790405,"orthographic":false}