{"cameraMode":{"drawMode":0,"name":"Shaded","section":"Shading Mode"},"sceneLighting":false,"audioPlay":false,"sceneViewState":{"showFog":false,"showMaterialUpdate":false,"showSkybox":false,"showFlares":false,"showImageEffects":false,"showParticleSystems":false},"in2DMode":false,"pivot":{"x":-39.20000076293945,"y":0.20999999344348908,"z":0.0},"rotation":{"x":-0.019491834565997125,"y":0.027287205681204797,"z":-0.0005308062536641955,"w":-0.9994510412216187},"size":0.3602442145347595,"orthographic":false}