{"cameraMode":{"drawMode":0,"name":"Shaded","section":"Shading Mode"},"sceneLighting":false,"audioPlay":false,"sceneViewState":{"showFog":false,"showMaterialUpdate":false,"showSkybox":false,"showFlares":false,"showImageEffects":false,"showParticleSystems":false},"in2DMode":false,"pivot":{"x":-0.15941619873046876,"y":-0.0041253226809203629,"z":0.07518745958805084},"rotation":{"x":-0.013489452190697194,"y":0.039282284677028659,"z":-0.0005288092070259154,"w":-0.9991517663002014},"size":0.3602442145347595,"orthographic":false}