{"cameraMode":{"drawMode":0,"name":"Shaded","section":"Shading Mode"},"sceneLighting":false,"audioPlay":false,"sceneViewState":{"showFog":false,"showMaterialUpdate":false,"showSkybox":false,"showFlares":false,"showImageEffects":false,"showParticleSystems":false},"in2DMode":false,"pivot":{"x":-0.39273712038993838,"y":-0.36244168877601626,"z":-2.8739304542541506},"rotation":{"x":0.013463514856994152,"y":-0.06865859776735306,"z":0.0010350897209718824,"w":0.9976748824119568},"size":0.4922640323638916,"orthographic":false}